{
  "incumbent_ids": [
    1
  ],
  "rejected_config_ids": [],
  "incumbents_changed": 1,
  "trajectory": [
    {
      "config_ids": [
        1
      ],
      "costs": [
        [
          -0.4384000903772661,
          -0.7341337027345954,
          0.038
        ]
      ],
      "trial": 1,
      "walltime": 52.31369876861572
    }
  ],
  "state": {
    "queue": [
      [
        1,
        1
      ]
    ]
  }
}