{
  "stats": {
    "submitted": 1,
    "finished": 1,
    "running": 0
  },
  "data": [
    {
      "config_id": 1,
      "instance": null,
      "seed": 209652396,
      "budget": null,
      "cost": [
        -0.42154066901397125,
        -0.895490226258273,
        0.038
      ],
      "time": 59.574514627456665,
      "cpu_time": 125.328125,
      "status": 1,
      "starttime": 1757660606.4130263,
      "endtime": 1757660666.0365722,
      "additional_info": {}
    }
  ],
  "configs": {
    "1": {
      "x_angle1": 1,
      "x_angle2": 4,
      "x_temperature": 290.8600630536676,
      "x_velocity": 0.0384710494801
    }
  },
  "config_origins": {
    "1": "Initial Design: Sobol"
  }
}