{
  "incumbent_ids": [
    1
  ],
  "rejected_config_ids": [],
  "incumbents_changed": 1,
  "trajectory": [
    {
      "config_ids": [
        1
      ],
      "costs": [
        [
          -0.45403183570206584,
          -0.9380739828638859,
          0.05
        ]
      ],
      "trial": 1,
      "walltime": 94.60602259635925
    }
  ],
  "state": {
    "queue": [
      [
        1,
        1
      ]
    ]
  }
}